"css-19uc56f","css-19uc56f href","css-129m7dg","css-129m7dg 2","css-h2nt8k 2"
"Personal Care Assistant - Carina","https://svha.wd3.myworkdayjobs.com/en-US/SVHA_SVHA/job/QLD---Brisbane-Southern-Suburbs--Logan/Personal-Care-Assistant---Carina_JR139448-1?locations=e5449715676d01f386e9de87d049e709&locations=255b88ce5c4e1000a33298a7676e0000&locations=0c009f18250001015d46ebe13c502729&locations=8614f17d8c8e016a0ce10885643878aa&locations=0c009f1825000189d6aff2e13c502c29&locations=0c009f182500010fe4d623e23c504a29&locations=8614f17d8c8e0155e3b226a764387daa&locations=8614f17d8c8e01a3b0955ac0663874ac&locations=8614f17d8c8e010b9a4367e0663879ac&locations=e24bdd0965f21000a331d52b70df0000&locations=255b88ce5c4e1000a332c3776a590000&locations=f1b483a914311000a35ca1b763750000&locations=255b88ce5c4e1000a332ddfa88450000&locations=e24bdd0965f21000a33243648b5c0000&hiringCompany=e5449715676d013f4f379f26d3494f0b","QLD - Brisbane, Southern Suburbs & Logan","Part time","Closing Date:  19 November 2024"
"Registered Nurse - Carina","https://svha.wd3.myworkdayjobs.com/en-US/SVHA_SVHA/job/QLD---Brisbane-Southern-Suburbs--Logan/Registered-Nurse---Carina_JR139249-1?locations=e5449715676d01f386e9de87d049e709&locations=255b88ce5c4e1000a33298a7676e0000&locations=0c009f18250001015d46ebe13c502729&locations=8614f17d8c8e016a0ce10885643878aa&locations=0c009f1825000189d6aff2e13c502c29&locations=0c009f182500010fe4d623e23c504a29&locations=8614f17d8c8e0155e3b226a764387daa&locations=8614f17d8c8e01a3b0955ac0663874ac&locations=8614f17d8c8e010b9a4367e0663879ac&locations=e24bdd0965f21000a331d52b70df0000&locations=255b88ce5c4e1000a332c3776a590000&locations=f1b483a914311000a35ca1b763750000&locations=255b88ce5c4e1000a332ddfa88450000&locations=e24bdd0965f21000a33243648b5c0000&hiringCompany=e5449715676d013f4f379f26d3494f0b","QLD - Brisbane, Southern Suburbs & Logan","Part time","Closing Date:  19 November 2024"
"Pastoral Care Practitioner - Carseldine","https://svha.wd3.myworkdayjobs.com/en-US/SVHA_SVHA/job/QLD---Brisbane-Northern-Suburbs/Pastoral-Care-Practitioner---Carseldine_JR139383-1?locations=e5449715676d01f386e9de87d049e709&locations=255b88ce5c4e1000a33298a7676e0000&locations=0c009f18250001015d46ebe13c502729&locations=8614f17d8c8e016a0ce10885643878aa&locations=0c009f1825000189d6aff2e13c502c29&locations=0c009f182500010fe4d623e23c504a29&locations=8614f17d8c8e0155e3b226a764387daa&locations=8614f17d8c8e01a3b0955ac0663874ac&locations=8614f17d8c8e010b9a4367e0663879ac&locations=e24bdd0965f21000a331d52b70df0000&locations=255b88ce5c4e1000a332c3776a590000&locations=f1b483a914311000a35ca1b763750000&locations=255b88ce5c4e1000a332ddfa88450000&locations=e24bdd0965f21000a33243648b5c0000&hiringCompany=e5449715676d013f4f379f26d3494f0b","QLD - Brisbane, Northern Suburbs","Part time","Closing Date:  22 November 2024"
"Registered Nurse - Douglas","https://svha.wd3.myworkdayjobs.com/en-US/SVHA_SVHA/job/QLD---Townsville/Registered-Nurse---Douglas_JR138283-1?locations=e5449715676d01f386e9de87d049e709&locations=255b88ce5c4e1000a33298a7676e0000&locations=0c009f18250001015d46ebe13c502729&locations=8614f17d8c8e016a0ce10885643878aa&locations=0c009f1825000189d6aff2e13c502c29&locations=0c009f182500010fe4d623e23c504a29&locations=8614f17d8c8e0155e3b226a764387daa&locations=8614f17d8c8e01a3b0955ac0663874ac&locations=8614f17d8c8e010b9a4367e0663879ac&locations=e24bdd0965f21000a331d52b70df0000&locations=255b88ce5c4e1000a332c3776a590000&locations=f1b483a914311000a35ca1b763750000&locations=255b88ce5c4e1000a332ddfa88450000&locations=e24bdd0965f21000a33243648b5c0000&hiringCompany=e5449715676d013f4f379f26d3494f0b","QLD - Townsville","Part time","Closing Date:  19 November 2024"
"Cook - Douglas","https://svha.wd3.myworkdayjobs.com/en-US/SVHA_SVHA/job/QLD---Townsville/Cook---Douglas_JR139066-1?locations=e5449715676d01f386e9de87d049e709&locations=255b88ce5c4e1000a33298a7676e0000&locations=0c009f18250001015d46ebe13c502729&locations=8614f17d8c8e016a0ce10885643878aa&locations=0c009f1825000189d6aff2e13c502c29&locations=0c009f182500010fe4d623e23c504a29&locations=8614f17d8c8e0155e3b226a764387daa&locations=8614f17d8c8e01a3b0955ac0663874ac&locations=8614f17d8c8e010b9a4367e0663879ac&locations=e24bdd0965f21000a331d52b70df0000&locations=255b88ce5c4e1000a332c3776a590000&locations=f1b483a914311000a35ca1b763750000&locations=255b88ce5c4e1000a332ddfa88450000&locations=e24bdd0965f21000a33243648b5c0000&hiringCompany=e5449715676d013f4f379f26d3494f0b","QLD - Townsville","Full time","Closing Date:  19 November 2024"
"Quality, Compliance and Safe Service Management Officer-2","https://svha.wd3.myworkdayjobs.com/en-US/SVHA_SVHA/job/QLD---Brisbane-CBD--Inner-Suburbs/Quality--Compliance-and-Safe-Service-Management-Officer-2_JR138279-1?locations=e5449715676d01f386e9de87d049e709&locations=255b88ce5c4e1000a33298a7676e0000&locations=0c009f18250001015d46ebe13c502729&locations=8614f17d8c8e016a0ce10885643878aa&locations=0c009f1825000189d6aff2e13c502c29&locations=0c009f182500010fe4d623e23c504a29&locations=8614f17d8c8e0155e3b226a764387daa&locations=8614f17d8c8e01a3b0955ac0663874ac&locations=8614f17d8c8e010b9a4367e0663879ac&locations=e24bdd0965f21000a331d52b70df0000&locations=255b88ce5c4e1000a332c3776a590000&locations=f1b483a914311000a35ca1b763750000&locations=255b88ce5c4e1000a332ddfa88450000&locations=e24bdd0965f21000a33243648b5c0000&hiringCompany=e5449715676d013f4f379f26d3494f0b","QLD - Brisbane, CBD & Inner Suburbs","Full time","Closing Date:  22 November 2024"
"Registered Nurse - Night Duty","https://svha.wd3.myworkdayjobs.com/en-US/SVHA_SVHA/job/VIC---Melbourne-CBD--Inner-Suburbs/Registered-Nurse---Night-Duty_JR139456-1?locations=e5449715676d01f386e9de87d049e709&locations=255b88ce5c4e1000a33298a7676e0000&locations=0c009f18250001015d46ebe13c502729&locations=8614f17d8c8e016a0ce10885643878aa&locations=0c009f1825000189d6aff2e13c502c29&locations=0c009f182500010fe4d623e23c504a29&locations=8614f17d8c8e0155e3b226a764387daa&locations=8614f17d8c8e01a3b0955ac0663874ac&locations=8614f17d8c8e010b9a4367e0663879ac&locations=e24bdd0965f21000a331d52b70df0000&locations=255b88ce5c4e1000a332c3776a590000&locations=f1b483a914311000a35ca1b763750000&locations=255b88ce5c4e1000a332ddfa88450000&locations=e24bdd0965f21000a33243648b5c0000&hiringCompany=e5449715676d013f4f379f26d3494f0b","VIC - Melbourne, CBD & Inner Suburbs","Part time","Closing Date:  7 November 2024"
"Hotel Services - Kangaroo Point","https://svha.wd3.myworkdayjobs.com/en-US/SVHA_SVHA/job/QLD---Brisbane-CBD--Inner-Suburbs/Hotel-Services---Kangaroo-Point_JR139403-1?locations=e5449715676d01f386e9de87d049e709&locations=255b88ce5c4e1000a33298a7676e0000&locations=0c009f18250001015d46ebe13c502729&locations=8614f17d8c8e016a0ce10885643878aa&locations=0c009f1825000189d6aff2e13c502c29&locations=0c009f182500010fe4d623e23c504a29&locations=8614f17d8c8e0155e3b226a764387daa&locations=8614f17d8c8e01a3b0955ac0663874ac&locations=8614f17d8c8e010b9a4367e0663879ac&locations=e24bdd0965f21000a331d52b70df0000&locations=255b88ce5c4e1000a332c3776a590000&locations=f1b483a914311000a35ca1b763750000&locations=255b88ce5c4e1000a332ddfa88450000&locations=e24bdd0965f21000a33243648b5c0000&hiringCompany=e5449715676d013f4f379f26d3494f0b","QLD - Brisbane, CBD & Inner Suburbs","Casual","Closing Date:  19 November 2024"
"Registered Nurse","https://svha.wd3.myworkdayjobs.com/en-US/SVHA_SVHA/job/QLD---Brisbane-Northern-Suburbs/Registered-Nurse_JR139449-1?locations=e5449715676d01f386e9de87d049e709&locations=255b88ce5c4e1000a33298a7676e0000&locations=0c009f18250001015d46ebe13c502729&locations=8614f17d8c8e016a0ce10885643878aa&locations=0c009f1825000189d6aff2e13c502c29&locations=0c009f182500010fe4d623e23c504a29&locations=8614f17d8c8e0155e3b226a764387daa&locations=8614f17d8c8e01a3b0955ac0663874ac&locations=8614f17d8c8e010b9a4367e0663879ac&locations=e24bdd0965f21000a331d52b70df0000&locations=255b88ce5c4e1000a332c3776a590000&locations=f1b483a914311000a35ca1b763750000&locations=255b88ce5c4e1000a332ddfa88450000&locations=e24bdd0965f21000a33243648b5c0000&hiringCompany=e5449715676d013f4f379f26d3494f0b","QLD - Brisbane, Northern Suburbs","Casual","Closing Date:  21 November 2024"
"Housekeeper","https://svha.wd3.myworkdayjobs.com/en-US/SVHA_SVHA/job/QLD---Sunshine-Coast/Housekeeper_JR138720-1?locations=e5449715676d01f386e9de87d049e709&locations=255b88ce5c4e1000a33298a7676e0000&locations=0c009f18250001015d46ebe13c502729&locations=8614f17d8c8e016a0ce10885643878aa&locations=0c009f1825000189d6aff2e13c502c29&locations=0c009f182500010fe4d623e23c504a29&locations=8614f17d8c8e0155e3b226a764387daa&locations=8614f17d8c8e01a3b0955ac0663874ac&locations=8614f17d8c8e010b9a4367e0663879ac&locations=e24bdd0965f21000a331d52b70df0000&locations=255b88ce5c4e1000a332c3776a590000&locations=f1b483a914311000a35ca1b763750000&locations=255b88ce5c4e1000a332ddfa88450000&locations=e24bdd0965f21000a33243648b5c0000&hiringCompany=e5449715676d013f4f379f26d3494f0b","QLD - Sunshine Coast","Part time","Closing Date:  21 November 2024"
"Hotel Services Assistant","https://svha.wd3.myworkdayjobs.com/en-US/SVHA_SVHA/job/QLD---Brisbane-Northern-Suburbs/Hotel-Services-Assistant_JR139439-1?locations=e5449715676d01f386e9de87d049e709&locations=255b88ce5c4e1000a33298a7676e0000&locations=0c009f18250001015d46ebe13c502729&locations=8614f17d8c8e016a0ce10885643878aa&locations=0c009f1825000189d6aff2e13c502c29&locations=0c009f182500010fe4d623e23c504a29&locations=8614f17d8c8e0155e3b226a764387daa&locations=8614f17d8c8e01a3b0955ac0663874ac&locations=8614f17d8c8e010b9a4367e0663879ac&locations=e24bdd0965f21000a331d52b70df0000&locations=255b88ce5c4e1000a332c3776a590000&locations=f1b483a914311000a35ca1b763750000&locations=255b88ce5c4e1000a332ddfa88450000&locations=e24bdd0965f21000a33243648b5c0000&hiringCompany=e5449715676d013f4f379f26d3494f0b","QLD - Brisbane, Northern Suburbs","Casual","Closing Date:  21 November 2024"
"Clinical Manager","https://svha.wd3.myworkdayjobs.com/en-US/SVHA_SVHA/job/QLD---Sunshine-Coast/Clinical-Manager_JR139433-1?locations=e5449715676d01f386e9de87d049e709&locations=255b88ce5c4e1000a33298a7676e0000&locations=0c009f18250001015d46ebe13c502729&locations=8614f17d8c8e016a0ce10885643878aa&locations=0c009f1825000189d6aff2e13c502c29&locations=0c009f182500010fe4d623e23c504a29&locations=8614f17d8c8e0155e3b226a764387daa&locations=8614f17d8c8e01a3b0955ac0663874ac&locations=8614f17d8c8e010b9a4367e0663879ac&locations=e24bdd0965f21000a331d52b70df0000&locations=255b88ce5c4e1000a332c3776a590000&locations=f1b483a914311000a35ca1b763750000&locations=255b88ce5c4e1000a332ddfa88450000&locations=e24bdd0965f21000a33243648b5c0000&hiringCompany=e5449715676d013f4f379f26d3494f0b","QLD - Sunshine Coast","Full time","Closing Date:  21 November 2024"
"Receptionist","https://svha.wd3.myworkdayjobs.com/en-US/SVHA_SVHA/job/QLD---Brisbane-Northern-Suburbs/Receptionist_JR139437-1?locations=e5449715676d01f386e9de87d049e709&locations=255b88ce5c4e1000a33298a7676e0000&locations=0c009f18250001015d46ebe13c502729&locations=8614f17d8c8e016a0ce10885643878aa&locations=0c009f1825000189d6aff2e13c502c29&locations=0c009f182500010fe4d623e23c504a29&locations=8614f17d8c8e0155e3b226a764387daa&locations=8614f17d8c8e01a3b0955ac0663874ac&locations=8614f17d8c8e010b9a4367e0663879ac&locations=e24bdd0965f21000a331d52b70df0000&locations=255b88ce5c4e1000a332c3776a590000&locations=f1b483a914311000a35ca1b763750000&locations=255b88ce5c4e1000a332ddfa88450000&locations=e24bdd0965f21000a33243648b5c0000&hiringCompany=e5449715676d013f4f379f26d3494f0b","QLD - Brisbane, Northern Suburbs","Part time","Closing Date:  21 November 2024"
"Leisure and Lifestyle Officer","https://svha.wd3.myworkdayjobs.com/en-US/SVHA_SVHA/job/QLD---Brisbane-Northern-Suburbs/Leisure-and-Lifestyle-Officer_JR139438?locations=e5449715676d01f386e9de87d049e709&locations=255b88ce5c4e1000a33298a7676e0000&locations=0c009f18250001015d46ebe13c502729&locations=8614f17d8c8e016a0ce10885643878aa&locations=0c009f1825000189d6aff2e13c502c29&locations=0c009f182500010fe4d623e23c504a29&locations=8614f17d8c8e0155e3b226a764387daa&locations=8614f17d8c8e01a3b0955ac0663874ac&locations=8614f17d8c8e010b9a4367e0663879ac&locations=e24bdd0965f21000a331d52b70df0000&locations=255b88ce5c4e1000a332c3776a590000&locations=f1b483a914311000a35ca1b763750000&locations=255b88ce5c4e1000a332ddfa88450000&locations=e24bdd0965f21000a33243648b5c0000&hiringCompany=e5449715676d013f4f379f26d3494f0b","QLD - Brisbane, Northern Suburbs","Part time","Closing Date:  21 November 2024"
"Food Services Assistant","https://svha.wd3.myworkdayjobs.com/en-US/SVHA_SVHA/job/NSW---Sydney-CBD-Inner-West-and-Eastern-Suburbs/Food-Services-Assistant_JR138936-1?locations=e5449715676d01f386e9de87d049e709&locations=255b88ce5c4e1000a33298a7676e0000&locations=0c009f18250001015d46ebe13c502729&locations=8614f17d8c8e016a0ce10885643878aa&locations=0c009f1825000189d6aff2e13c502c29&locations=0c009f182500010fe4d623e23c504a29&locations=8614f17d8c8e0155e3b226a764387daa&locations=8614f17d8c8e01a3b0955ac0663874ac&locations=8614f17d8c8e010b9a4367e0663879ac&locations=e24bdd0965f21000a331d52b70df0000&locations=255b88ce5c4e1000a332c3776a590000&locations=f1b483a914311000a35ca1b763750000&locations=255b88ce5c4e1000a332ddfa88450000&locations=e24bdd0965f21000a33243648b5c0000&hiringCompany=e5449715676d013f4f379f26d3494f0b","NSW - Sydney, CBD, Inner West and Eastern Suburbs","Casual","Closing Date:  21 November 2024"
"Maintenance Officer - Douglas","https://svha.wd3.myworkdayjobs.com/en-US/SVHA_SVHA/job/QLD---Townsville/Maintenance-Officer---Douglas_JR139152-1?locations=e5449715676d01f386e9de87d049e709&locations=255b88ce5c4e1000a33298a7676e0000&locations=0c009f18250001015d46ebe13c502729&locations=8614f17d8c8e016a0ce10885643878aa&locations=0c009f1825000189d6aff2e13c502c29&locations=0c009f182500010fe4d623e23c504a29&locations=8614f17d8c8e0155e3b226a764387daa&locations=8614f17d8c8e01a3b0955ac0663874ac&locations=8614f17d8c8e010b9a4367e0663879ac&locations=e24bdd0965f21000a331d52b70df0000&locations=255b88ce5c4e1000a332c3776a590000&locations=f1b483a914311000a35ca1b763750000&locations=255b88ce5c4e1000a332ddfa88450000&locations=e24bdd0965f21000a33243648b5c0000&hiringCompany=e5449715676d013f4f379f26d3494f0b","QLD - Townsville","Part time","Closing Date:  17 November 2024"
"Cook","https://svha.wd3.myworkdayjobs.com/en-US/SVHA_SVHA/job/QLD---Sunshine-Coast/Cook_JR139398-1?locations=e5449715676d01f386e9de87d049e709&locations=255b88ce5c4e1000a33298a7676e0000&locations=0c009f18250001015d46ebe13c502729&locations=8614f17d8c8e016a0ce10885643878aa&locations=0c009f1825000189d6aff2e13c502c29&locations=0c009f182500010fe4d623e23c504a29&locations=8614f17d8c8e0155e3b226a764387daa&locations=8614f17d8c8e01a3b0955ac0663874ac&locations=8614f17d8c8e010b9a4367e0663879ac&locations=e24bdd0965f21000a331d52b70df0000&locations=255b88ce5c4e1000a332c3776a590000&locations=f1b483a914311000a35ca1b763750000&locations=255b88ce5c4e1000a332ddfa88450000&locations=e24bdd0965f21000a33243648b5c0000&hiringCompany=e5449715676d013f4f379f26d3494f0b","QLD - Sunshine Coast","Casual","Closing Date:  20 November 2024"
"Housekeeper","https://svha.wd3.myworkdayjobs.com/en-US/SVHA_SVHA/job/QLD---Toowoomba/Housekeeper_JR138999-1?locations=e5449715676d01f386e9de87d049e709&locations=255b88ce5c4e1000a33298a7676e0000&locations=0c009f18250001015d46ebe13c502729&locations=8614f17d8c8e016a0ce10885643878aa&locations=0c009f1825000189d6aff2e13c502c29&locations=0c009f182500010fe4d623e23c504a29&locations=8614f17d8c8e0155e3b226a764387daa&locations=8614f17d8c8e01a3b0955ac0663874ac&locations=8614f17d8c8e010b9a4367e0663879ac&locations=e24bdd0965f21000a331d52b70df0000&locations=255b88ce5c4e1000a332c3776a590000&locations=f1b483a914311000a35ca1b763750000&locations=255b88ce5c4e1000a332ddfa88450000&locations=e24bdd0965f21000a33243648b5c0000&hiringCompany=e5449715676d013f4f379f26d3494f0b","QLD - Toowoomba","Casual","Closing Date:  20 November 2024"
"Personal Care Assistant","https://svha.wd3.myworkdayjobs.com/en-US/SVHA_SVHA/job/QLD---Toowoomba/Personal-Care-Assistant_JR138722-1?locations=e5449715676d01f386e9de87d049e709&locations=255b88ce5c4e1000a33298a7676e0000&locations=0c009f18250001015d46ebe13c502729&locations=8614f17d8c8e016a0ce10885643878aa&locations=0c009f1825000189d6aff2e13c502c29&locations=0c009f182500010fe4d623e23c504a29&locations=8614f17d8c8e0155e3b226a764387daa&locations=8614f17d8c8e01a3b0955ac0663874ac&locations=8614f17d8c8e010b9a4367e0663879ac&locations=e24bdd0965f21000a331d52b70df0000&locations=255b88ce5c4e1000a332c3776a590000&locations=f1b483a914311000a35ca1b763750000&locations=255b88ce5c4e1000a332ddfa88450000&locations=e24bdd0965f21000a33243648b5c0000&hiringCompany=e5449715676d013f4f379f26d3494f0b","QLD - Toowoomba","Part time","Closing Date:  20 November 2024"
"Registered Nurse","https://svha.wd3.myworkdayjobs.com/en-US/SVHA_SVHA/job/QLD---Toowoomba/Registered-Nurse_JR138414-1?locations=e5449715676d01f386e9de87d049e709&locations=255b88ce5c4e1000a33298a7676e0000&locations=0c009f18250001015d46ebe13c502729&locations=8614f17d8c8e016a0ce10885643878aa&locations=0c009f1825000189d6aff2e13c502c29&locations=0c009f182500010fe4d623e23c504a29&locations=8614f17d8c8e0155e3b226a764387daa&locations=8614f17d8c8e01a3b0955ac0663874ac&locations=8614f17d8c8e010b9a4367e0663879ac&locations=e24bdd0965f21000a331d52b70df0000&locations=255b88ce5c4e1000a332c3776a590000&locations=f1b483a914311000a35ca1b763750000&locations=255b88ce5c4e1000a332ddfa88450000&locations=e24bdd0965f21000a33243648b5c0000&hiringCompany=e5449715676d013f4f379f26d3494f0b","QLD - Toowoomba","Part time","Closing Date:  20 November 2024"
"Personal Care Assistant","https://svha.wd3.myworkdayjobs.com/en-US/SVHA_SVHA/job/QLD---Sunshine-Coast/Personal-Care-Assistant_JR139220-2?locations=e5449715676d01f386e9de87d049e709&locations=255b88ce5c4e1000a33298a7676e0000&locations=0c009f18250001015d46ebe13c502729&locations=8614f17d8c8e016a0ce10885643878aa&locations=0c009f1825000189d6aff2e13c502c29&locations=0c009f182500010fe4d623e23c504a29&locations=8614f17d8c8e0155e3b226a764387daa&locations=8614f17d8c8e01a3b0955ac0663874ac&locations=8614f17d8c8e010b9a4367e0663879ac&locations=e24bdd0965f21000a331d52b70df0000&locations=255b88ce5c4e1000a332c3776a590000&locations=f1b483a914311000a35ca1b763750000&locations=255b88ce5c4e1000a332ddfa88450000&locations=e24bdd0965f21000a33243648b5c0000&hiringCompany=e5449715676d013f4f379f26d3494f0b","QLD - Sunshine Coast","Part time","Closing Date:  20 November 2024"
"Casual Registered Nurse - Arundel","https://svha.wd3.myworkdayjobs.com/en-US/SVHA_SVHA/job/QLD---Gold-Coast/Casual-Registered-Nurse---Arundel_JR138880-1?locations=e5449715676d01f386e9de87d049e709&locations=255b88ce5c4e1000a33298a7676e0000&locations=0c009f18250001015d46ebe13c502729&locations=8614f17d8c8e016a0ce10885643878aa&locations=0c009f1825000189d6aff2e13c502c29&locations=0c009f182500010fe4d623e23c504a29&locations=8614f17d8c8e0155e3b226a764387daa&locations=8614f17d8c8e01a3b0955ac0663874ac&locations=8614f17d8c8e010b9a4367e0663879ac&locations=e24bdd0965f21000a331d52b70df0000&locations=255b88ce5c4e1000a332c3776a590000&locations=f1b483a914311000a35ca1b763750000&locations=255b88ce5c4e1000a332ddfa88450000&locations=e24bdd0965f21000a33243648b5c0000&hiringCompany=e5449715676d013f4f379f26d3494f0b","QLD - Gold Coast","Casual","Closing Date:  17 November 2024"
"Registered Nurse","https://svha.wd3.myworkdayjobs.com/en-US/SVHA_SVHA/job/QLD---Sunshine-Coast/Registered-Nurse_JR139222-1?locations=e5449715676d01f386e9de87d049e709&locations=255b88ce5c4e1000a33298a7676e0000&locations=0c009f18250001015d46ebe13c502729&locations=8614f17d8c8e016a0ce10885643878aa&locations=0c009f1825000189d6aff2e13c502c29&locations=0c009f182500010fe4d623e23c504a29&locations=8614f17d8c8e0155e3b226a764387daa&locations=8614f17d8c8e01a3b0955ac0663874ac&locations=8614f17d8c8e010b9a4367e0663879ac&locations=e24bdd0965f21000a331d52b70df0000&locations=255b88ce5c4e1000a332c3776a590000&locations=f1b483a914311000a35ca1b763750000&locations=255b88ce5c4e1000a332ddfa88450000&locations=e24bdd0965f21000a33243648b5c0000&hiringCompany=e5449715676d013f4f379f26d3494f0b","QLD - Sunshine Coast","Part time","Closing Date:  20 November 2024"
"Cafe Assistant and Barista","https://svha.wd3.myworkdayjobs.com/en-US/SVHA_SVHA/job/QLD---Brisbane-Northern-Suburbs/Cafe-Assistant-and-Barista_JR138586-1?locations=e5449715676d01f386e9de87d049e709&locations=255b88ce5c4e1000a33298a7676e0000&locations=0c009f18250001015d46ebe13c502729&locations=8614f17d8c8e016a0ce10885643878aa&locations=0c009f1825000189d6aff2e13c502c29&locations=0c009f182500010fe4d623e23c504a29&locations=8614f17d8c8e0155e3b226a764387daa&locations=8614f17d8c8e01a3b0955ac0663874ac&locations=8614f17d8c8e010b9a4367e0663879ac&locations=e24bdd0965f21000a331d52b70df0000&locations=255b88ce5c4e1000a332c3776a590000&locations=f1b483a914311000a35ca1b763750000&locations=255b88ce5c4e1000a332ddfa88450000&locations=e24bdd0965f21000a33243648b5c0000&hiringCompany=e5449715676d013f4f379f26d3494f0b","QLD - Brisbane, Northern Suburbs","Part time","Closing Date:  20 November 2024"
"Food Service Assistant","https://svha.wd3.myworkdayjobs.com/en-US/SVHA_SVHA/job/QLD---Brisbane-Northern-Suburbs/Food-Service-Assistant_JR139217-1?locations=e5449715676d01f386e9de87d049e709&locations=255b88ce5c4e1000a33298a7676e0000&locations=0c009f18250001015d46ebe13c502729&locations=8614f17d8c8e016a0ce10885643878aa&locations=0c009f1825000189d6aff2e13c502c29&locations=0c009f182500010fe4d623e23c504a29&locations=8614f17d8c8e0155e3b226a764387daa&locations=8614f17d8c8e01a3b0955ac0663874ac&locations=8614f17d8c8e010b9a4367e0663879ac&locations=e24bdd0965f21000a331d52b70df0000&locations=255b88ce5c4e1000a332c3776a590000&locations=f1b483a914311000a35ca1b763750000&locations=255b88ce5c4e1000a332ddfa88450000&locations=e24bdd0965f21000a33243648b5c0000&hiringCompany=e5449715676d013f4f379f26d3494f0b","QLD - Brisbane, Northern Suburbs","Part time","Closing Date:  20 November 2024"
"Living Support Manager - Kew","https://svha.wd3.myworkdayjobs.com/en-US/SVHA_SVHA/job/VIC---Melbourne-CBD--Inner-Suburbs/Living-Support-Manager---Kew_JR139141-1?locations=e5449715676d01f386e9de87d049e709&locations=255b88ce5c4e1000a33298a7676e0000&locations=0c009f18250001015d46ebe13c502729&locations=8614f17d8c8e016a0ce10885643878aa&locations=0c009f1825000189d6aff2e13c502c29&locations=0c009f182500010fe4d623e23c504a29&locations=8614f17d8c8e0155e3b226a764387daa&locations=8614f17d8c8e01a3b0955ac0663874ac&locations=8614f17d8c8e010b9a4367e0663879ac&locations=e24bdd0965f21000a331d52b70df0000&locations=255b88ce5c4e1000a332c3776a590000&locations=f1b483a914311000a35ca1b763750000&locations=255b88ce5c4e1000a332ddfa88450000&locations=e24bdd0965f21000a33243648b5c0000&hiringCompany=e5449715676d013f4f379f26d3494f0b","VIC - Melbourne, CBD & Inner Suburbs","Full time","Closing Date:  14 November 2024"
"Home Care Employee - Eastern Metro VIC","https://svha.wd3.myworkdayjobs.com/en-US/SVHA_SVHA/job/VIC---Melbourne-CBD--Inner-Suburbs/Home-Care-Employee---Eastern-Metro-VIC_JR139137-1?locations=e5449715676d01f386e9de87d049e709&locations=255b88ce5c4e1000a33298a7676e0000&locations=0c009f18250001015d46ebe13c502729&locations=8614f17d8c8e016a0ce10885643878aa&locations=0c009f1825000189d6aff2e13c502c29&locations=0c009f182500010fe4d623e23c504a29&locations=8614f17d8c8e0155e3b226a764387daa&locations=8614f17d8c8e01a3b0955ac0663874ac&locations=8614f17d8c8e010b9a4367e0663879ac&locations=e24bdd0965f21000a331d52b70df0000&locations=255b88ce5c4e1000a332c3776a590000&locations=f1b483a914311000a35ca1b763750000&locations=255b88ce5c4e1000a332ddfa88450000&locations=e24bdd0965f21000a33243648b5c0000&hiringCompany=e5449715676d013f4f379f26d3494f0b","VIC - Melbourne, CBD & Inner Suburbs","Part time","Closing Date:  14 November 2024"
"Registered Nurse","https://svha.wd3.myworkdayjobs.com/en-US/SVHA_SVHA/job/NSW---Sydney-CBD-Inner-West-and-Eastern-Suburbs/Registered-Nurse_JR138291-1?locations=e5449715676d01f386e9de87d049e709&locations=255b88ce5c4e1000a33298a7676e0000&locations=0c009f18250001015d46ebe13c502729&locations=8614f17d8c8e016a0ce10885643878aa&locations=0c009f1825000189d6aff2e13c502c29&locations=0c009f182500010fe4d623e23c504a29&locations=8614f17d8c8e0155e3b226a764387daa&locations=8614f17d8c8e01a3b0955ac0663874ac&locations=8614f17d8c8e010b9a4367e0663879ac&locations=e24bdd0965f21000a331d52b70df0000&locations=255b88ce5c4e1000a332c3776a590000&locations=f1b483a914311000a35ca1b763750000&locations=255b88ce5c4e1000a332ddfa88450000&locations=e24bdd0965f21000a33243648b5c0000&hiringCompany=e5449715676d013f4f379f26d3494f0b","NSW - Sydney, CBD, Inner West and Eastern Suburbs","Casual","Closing Date:  19 November 2024"
"Housekeeper","https://svha.wd3.myworkdayjobs.com/en-US/SVHA_SVHA/job/QLD---Brisbane-Northern-Suburbs/Housekeeper_JR138566-1?locations=e5449715676d01f386e9de87d049e709&locations=255b88ce5c4e1000a33298a7676e0000&locations=0c009f18250001015d46ebe13c502729&locations=8614f17d8c8e016a0ce10885643878aa&locations=0c009f1825000189d6aff2e13c502c29&locations=0c009f182500010fe4d623e23c504a29&locations=8614f17d8c8e0155e3b226a764387daa&locations=8614f17d8c8e01a3b0955ac0663874ac&locations=8614f17d8c8e010b9a4367e0663879ac&locations=e24bdd0965f21000a331d52b70df0000&locations=255b88ce5c4e1000a332c3776a590000&locations=f1b483a914311000a35ca1b763750000&locations=255b88ce5c4e1000a332ddfa88450000&locations=e24bdd0965f21000a33243648b5c0000&hiringCompany=e5449715676d013f4f379f26d3494f0b","QLD - Brisbane, Northern Suburbs","Part time","Closing Date:  20 November 2024"
"Personal Care Assistant - Douglas","https://svha.wd3.myworkdayjobs.com/en-US/SVHA_SVHA/job/QLD---Townsville/Personal-Care-Assistant---Douglas_JR139219?locations=e5449715676d01f386e9de87d049e709&locations=255b88ce5c4e1000a33298a7676e0000&locations=0c009f18250001015d46ebe13c502729&locations=8614f17d8c8e016a0ce10885643878aa&locations=0c009f1825000189d6aff2e13c502c29&locations=0c009f182500010fe4d623e23c504a29&locations=8614f17d8c8e0155e3b226a764387daa&locations=8614f17d8c8e01a3b0955ac0663874ac&locations=8614f17d8c8e010b9a4367e0663879ac&locations=e24bdd0965f21000a331d52b70df0000&locations=255b88ce5c4e1000a332c3776a590000&locations=f1b483a914311000a35ca1b763750000&locations=255b88ce5c4e1000a332ddfa88450000&locations=e24bdd0965f21000a33243648b5c0000&hiringCompany=e5449715676d013f4f379f26d3494f0b","QLD - Townsville","Part time","Closing Date:  17 November 2024"